Workbook

Sheet Sheet2
A3: Row Labels | B3: Sum of Amount_Charged | C3: Sum of Amount_Collected
A4: Consultation | B4: 3500 | C4: 2500
A5: Crown | B5: 30000 | C5: 21000
A6: Extraction | B6: 4800 | C6: 4300
A7: Filling | B7: 5000 | C7: 4300
A8: RCT | B8: 28000 | C8: 21000
A9: Scaling | B9: 9000 | C9: 8000
A10: Grand Total | B10: 80300 | C10: 61100

Sheet Cleaned_Transactions
A1: Transaction_ID | B1: Visit_ID | C1: Visit_Date | D1: Patient_ID | E1: Treatment_Category | F1: Amount_Charged | G1: Amount_Collected | H1: Outstanding_Amount | L1: Data Validation Results
A2: T001 | B2: V001 | C2: 46027 | D2: P001 | E2: Consultation | F2: 500 | G2: 500 | H2: =F2-G2 -> 0 | L2: Total transaction records | M2: 35
A3: T002 | B3: V002 | C3: 46028 | D3: P002 | E3: Scaling | F3: 1500 | G3: 1500 | H3: =F3-G3 -> 0 | L3: Unique transaction IDs | M3: 35
A4: T003 | B4: V003 | C4: 46029 | D4: P003 | E4: RCT | F4: 4000 | G4: 2500 | H4: =F4-G4 -> 1500 | L4: Missing required values | M4: 0
A5: T004 | B5: V004 | C5: 46030 | D5: P004 | E5: Extraction | F5: 1200 | G5: 1200 | H5: =F5-G5 -> 0 | L5: Incorrect outstanding calculations | M5: 0
A6: T005 | B6: V005 | C6: 46031 | D6: P005 | E6: Consultation | F6: 500 | G6: 0 | H6: =F6-G6 -> 500 | L6: Financial reconciliation checks passed | M6: 3 of 3
A7: T006 | B7: V006 | C7: 46032 | D7: P006 | E7: Filling | F7: 1000 | G7: 1000 | H7: =F7-G7 -> 0
A8: T007 | B8: V007 | C8: 46033 | D8: P007 | E8: Crown | F8: 5000 | G8: 3000 | H8: =F8-G8 -> 2000
A9: T008 | B9: V008 | C9: 46034 | D9: P008 | E9: RCT | F9: 4000 | G9: 4000 | H9: =F9-G9 -> 0
A10: T009 | B10: V009 | C10: 46035 | D10: P009 | E10: Scaling | F10: 1500 | G10: 1000 | H10: =F10-G10 -> 500
A11: T010 | B11: V010 | C11: 46036 | D11: P010 | E11: Consultation | F11: 500 | G11: 500 | H11: =F11-G11 -> 0
A12: T011 | B12: V011 | C12: 46037 | D12: P011 | E12: Extraction | F12: 1200 | G12: 700 | H12: =F12-G12 -> 500
A13: T012 | B13: V012 | C13: 46038 | D13: P012 | E13: Filling | F13: 1000 | G13: 800 | H13: =F13-G13 -> 200
A14: T013 | B14: V013 | C14: 46039 | D14: P013 | E14: Crown | F14: 5000 | G14: 5000 | H14: =F14-G14 -> 0
A15: T014 | B15: V014 | C15: 46040 | D15: P014 | E15: RCT | F15: 4000 | G15: 2000 | H15: =F15-G15 -> 2000
A16: T015 | B16: V015 | C16: 46041 | D16: P015 | E16: Consultation | F16: 500 | G16: 500 | H16: =F16-G16 -> 0
A17: T016 | B17: V016 | C17: 46042 | D17: P016 | E17: Scaling | F17: 1500 | G17: 1500 | H17: =F17-G17 -> 0
A18: T017 | B18: V017 | C18: 46043 | D18: P017 | E18: Filling | F18: 1000 | G18: 500 | H18: =F18-G18 -> 500
... A36: T035 | B36: V035 | C36: 46095 | D36: P035 | E36: Crown | F36: 5000 | G36: 3000 | H36: =F36-G36 -> 2000

Sheet PowerBI_Data
A1: Transaction_ID | B1: Visit_ID | C1: Visit_Date | D1: Patient_ID | E1: Treatment_Category | F1: Amount_Charged | G1: Amount_Collected | H1: Outstanding_Amount
A2: T001 | B2: V001 | C2: 46027 | D2: P001 | E2: Consultation | F2: 500 | G2: 500 | H2: =F2-G2 -> 0
A3: T002 | B3: V002 | C3: 46028 | D3: P002 | E3: Scaling | F3: 1500 | G3: 1500 | H3: =F3-G3 -> 0
A4: T003 | B4: V003 | C4: 46029 | D4: P003 | E4: RCT | F4: 4000 | G4: 2500 | H4: =F4-G4 -> 1500
A5: T004 | B5: V004 | C5: 46030 | D5: P004 | E5: Extraction | F5: 1200 | G5: 1200 | H5: =F5-G5 -> 0
A6: T005 | B6: V005 | C6: 46031 | D6: P005 | E6: Consultation | F6: 500 | G6: 0 | H6: =F6-G6 -> 500
A7: T006 | B7: V006 | C7: 46032 | D7: P006 | E7: Filling | F7: 1000 | G7: 1000 | H7: =F7-G7 -> 0
A8: T007 | B8: V007 | C8: 46033 | D8: P007 | E8: Crown | F8: 5000 | G8: 3000 | H8: =F8-G8 -> 2000
A9: T008 | B9: V008 | C9: 46034 | D9: P008 | E9: RCT | F9: 4000 | G9: 4000 | H9: =F9-G9 -> 0
A10: T009 | B10: V009 | C10: 46035 | D10: P009 | E10: Scaling | F10: 1500 | G10: 1000 | H10: =F10-G10 -> 500
A11: T010 | B11: V010 | C11: 46036 | D11: P010 | E11: Consultation | F11: 500 | G11: 500 | H11: =F11-G11 -> 0
A12: T011 | B12: V011 | C12: 46037 | D12: P011 | E12: Extraction | F12: 1200 | G12: 700 | H12: =F12-G12 -> 500
A13: T012 | B13: V012 | C13: 46038 | D13: P012 | E13: Filling | F13: 1000 | G13: 800 | H13: =F13-G13 -> 200
... A36: T035 | B36: V035 | C36: 46095 | D36: P035 | E36: Crown | F36: 5000 | G36: 3000 | H36: =F36-G36 -> 2000

Sheet Clinic_Summary
A1: Metric | B1: Value
A2: Total Amount Charged | B2: =SUM(Cleaned_Transactions!F2:F36) -> 80300
A3: Total Amount Collected | B3: =SUM(Cleaned_Transactions!G2:G36) -> 61100
A4: Total Outstanding | B4: =B2-B3 -> 19200
A5: Collection Rate | B5: =IFERROR(B3/B2,0) -> 0.76089664

Sheet Monthly_Summary
A1: Month | B1: Total_Charged | C1: Total_Collected | D1: Outstanding | E1: Collection_Rate
A2: 46023 | B2: =SUMIFS(Cleaned_Transactions!F:F,Cleaned_Transactions!C:C,">="&DATE(2026,1,1),Cleaned_Transactions!C:C,"<"&DATE(2026,2,1)) -> 44100 | C2: =SUMIFS(Cleaned_Transactions!G:G,Cleaned_Transactions!C:C,">="&DATE(2026,1,1),Cleaned_Transactions!C:C,"<"&DATE(2026,2,1)) -> 33900 | D2: =B2-C2 -> 10200 | E2: =IFERROR(C2/B2,0) -> 0.76870748
A3: 46054 | B3: =SUMIFS(Cleaned_Transactions!F:F,Cleaned_Transactions!C:C,">="&DATE(2026,2,1),Cleaned_Transactions!C:C,"<"&DATE(2026,3,1)) -> 24200 | C3: =SUMIFS(Cleaned_Transactions!G:G,Cleaned_Transactions!C:C,">="&DATE(2026,2,1),Cleaned_Transactions!C:C,"<"&DATE(2026,3,1)) -> 17700 | D3: =B3-C3 -> 6500 | E3: =IFERROR(C3/B3,0) -> 0.73140496
A4: 46082 | B4: =SUMIFS(Cleaned_Transactions!F:F,Cleaned_Transactions!C:C,">="&DATE(2026,3,1),Cleaned_Transactions!C:C,"<"&DATE(2026,4,1)) -> 12000 | C4: =SUMIFS(Cleaned_Transactions!G:G,Cleaned_Transactions!C:C,">="&DATE(2026,3,1),Cleaned_Transactions!C:C,"<"&DATE(2026,4,1)) -> 9500 | D4: =B4-C4 -> 2500 | E4: =IFERROR(C4/B4,0) -> 0.79166667
A5: Total | B5: =SUM(B2:B4) -> 80300 | C5: =SUM(C2:C4) -> 61100 | D5: =SUM(D2:D4) -> 19200 | E5: =IFERROR(C5/B5,0) -> 0.76089664
